id,title,text,created_at,score,num_comments,url,cleaned_text,sentiment,textblob_score,vader_score,sentiment_category
1hckbgs,"Firefox, one of the first “Do Not Track” supporters, no longer offers it",,2024-12-12 12:46:00,1794,102,https://arstechnica.com/gadgets/2024/12/firefox-one-of-the-first-do-not-track-supporters-no-longer-offers-it/,,"{'textblob_score': 0.0, 'vader_score': 0.0, 'sentiment_category': 'Neutral'}",0.0,0.0,Neutral
1hcgqr0,FBI says it has no answers for drones seen over New Jersey,,2024-12-12 08:34:43,3168,505,https://www.newsnationnow.com/us-news/northeast/fbi-no-answers-drones-new-jersey/,,"{'textblob_score': 0.0, 'vader_score': 0.0, 'sentiment_category': 'Neutral'}",0.0,0.0,Neutral
1hc78n9,Companies try to stop online support for CEO killer suspect,,2024-12-11 23:24:17,41979,2852,https://edition.cnn.com/2024/12/10/business/deny-defend-dispose-merchandise-amazon-ceo-shooting/index.html,,"{'textblob_score': 0.0, 'vader_score': 0.0, 'sentiment_category': 'Neutral'}",0.0,0.0,Neutral
1hcnlck,Trump’s Pick for FTC Chair is Ready to Undo the Good Things From Lina Khan,,2024-12-12 15:30:44,539,58,https://gizmodo.com/trumps-pick-for-ftc-chair-is-ready-to-undo-the-good-things-from-lina-khan-2000537614,,"{'textblob_score': 0.0, 'vader_score': 0.0, 'sentiment_category': 'Neutral'}",0.0,0.0,Neutral
1hclof4,Russia takes unusual route to hack Starlink-connected devices in Ukraine,,2024-12-12 13:59:44,599,71,https://arstechnica.com/security/2024/12/russia-takes-unusual-route-to-hack-starlink-connected-devices-in-ukraine/,,"{'textblob_score': 0.0, 'vader_score': 0.0, 'sentiment_category': 'Neutral'}",0.0,0.0,Neutral
1hc5wic,Two Teens Indicted for Creating Hundreds of Deepfake Porn Images of Classmates,,2024-12-11 22:24:48,9948,1157,https://www.forbes.com/sites/cyrusfarivar/2024/12/11/almost-half-the-girls-at-this-school-were-targets-of-ai-porn-their-ex-classmates-have-now-been-indicted/,,"{'textblob_score': 0.0, 'vader_score': 0.0, 'sentiment_category': 'Neutral'}",0.0,0.0,Neutral
1hce0qj,"Meta donates $1 million to Trump’s inaugural fund in latest step to mend relationship
",,2024-12-12 05:21:32,807,272,https://www.cnn.com/2024/12/11/tech/meta-trump-donation-hnk-intl/index.html,,"{'textblob_score': 0.0, 'vader_score': 0.0, 'sentiment_category': 'Neutral'}",0.0,0.0,Neutral
1hcmuz5,Homeland Security shares new details of mysterious drone flights over New Jersey,,2024-12-12 14:57:27,136,111,https://www.nbcnewyork.com/new-jersey/drone-sightings-mystery-update-nj/6063296/,,"{'textblob_score': 0.0, 'vader_score': 0.0, 'sentiment_category': 'Neutral'}",0.0,0.0,Neutral
1hco5oh,Mark Zuckerberg’s Meta Donates $1 Million to Trump’s Inaugural Fund (Wall Street Journal),,2024-12-12 15:56:17,104,50,https://www.wsj.com/tech/mark-zuckerbergs-meta-donates-1-million-to-trumps-inaugural-fund-32a999c1?st=fmz7tP&reflink=article_copyURL_share,,"{'textblob_score': 0.0, 'vader_score': 0.0, 'sentiment_category': 'Neutral'}",0.0,0.0,Neutral
1hcnibc,"YouTube TV Hikes Price $10 to $82.99
",,2024-12-12 15:26:44,120,141,https://www.thewrap.com/youtube-tv-price-increase/,,"{'textblob_score': 0.0, 'vader_score': 0.0, 'sentiment_category': 'Neutral'}",0.0,0.0,Neutral
1hcgpkz,Encryption is non-negotiable: open letter to EU to not undermine privacy.,,2024-12-12 08:31:50,295,14,https://tuta.com/blog/open-letter-eu-privacy,,"{'textblob_score': 0.0, 'vader_score': 0.0, 'sentiment_category': 'Neutral'}",0.0,0.0,Neutral
1hciexh,"U.S. online gambling losses to surpass $1 trillion by 2028, group says ",,2024-12-12 10:43:12,196,39,https://www.upi.com/Top_News/US/2024/12/11/US-WHO-Campaign-for-Fairer-Gambling-online-loss-addiction/9601733943145/,,"{'textblob_score': 0.0, 'vader_score': 0.0, 'sentiment_category': 'Neutral'}",0.0,0.0,Neutral
1hc905u,"Mysterious SUV-sized drones may have blocked medical helicopter | Locals and police continue to report unidentified aerial vehicles across Pennsylvania, New Jersey, and New York.",,2024-12-12 00:50:26,1181,277,https://www.popsci.com/technology/new-jersey-drones/,,"{'textblob_score': 0.0, 'vader_score': 0.0, 'sentiment_category': 'Neutral'}",0.0,0.0,Neutral
1hc448v,"LG stops making Blu-ray players, marking the end of an era — limited units remain while inventory lasts | Digital streaming is displacing the last remnants of physical media.",,2024-12-11 21:07:32,2346,357,https://www.tomshardware.com/tech-industry/lg-stops-making-blu-ray-players-marking-the-end-of-an-era-limited-units-remain-while-inventory-lasts,,"{'textblob_score': 0.0, 'vader_score': 0.0, 'sentiment_category': 'Neutral'}",0.0,0.0,Neutral
1hbuqra,"Indian police demand Starlink reveal buyer of device found in $4.2 billion drug bust | Smugglers were caught with 13,227 pounds of meth",,2024-12-11 14:31:52,6166,176,https://www.techspot.com/news/105916-indian-police-demand-starlink-reveal-buyer-device-found.html,,"{'textblob_score': 0.0, 'vader_score': 0.0, 'sentiment_category': 'Neutral'}",0.0,0.0,Neutral
1hc5jux,"Incoming FTC Chair: I will stop investigations that I falsely claim are politically motivated, and launch my own politically motivated investigations",,2024-12-11 22:09:29,1364,51,https://www.techdirt.com/2024/12/11/incoming-ftc-chair-i-will-stop-all-these-investigations-that-i-falsely-claim-are-politically-motivated-in-order-to-launch-my-own-openly-politically-motivated-investigations/,,"{'textblob_score': 0.0, 'vader_score': 0.0, 'sentiment_category': 'Neutral'}",0.0,0.0,Neutral
1hchbjr,"Pentagon says mystery drones over New Jersey are 'not US military,' not likely foreign | TechCrunch",,2024-12-12 09:20:36,171,117,https://techcrunch.com/2024/12/11/pentagon-says-mystery-drones-over-new-jersey-are-not-us-military-not-likely-foreign/?guccounter=1&guce_referrer=aHR0cHM6Ly93d3cuZ29vZ2xlLmNvbS8&guce_referrer_sig=AQAAAEPdqMTGF27gnxq-GLVJkqdq2vD5guPHK8x62OITfp6-uMHZxkiXKVYa_xltG3lWehBwkhWLRxdbaJ7NWIyC4llcJ0fA-LLwDrc53VyU-gSd9JGcAv858P2UcsAykRSvN2Lu529-rpilwmBL6PcCVfAOQbGvNvIj_DiQtNcFwWte,,"{'textblob_score': 0.0, 'vader_score': 0.0, 'sentiment_category': 'Neutral'}",0.0,0.0,Neutral
1hciypz,Greece to Introduce Social Media Restrictions for Young Users,,2024-12-12 11:20:36,101,4,https://greekreporter.com/2024/12/11/greece-among-countries-set-social-media-restrictions-young-users/,,"{'textblob_score': 0.0, 'vader_score': 0.0, 'sentiment_category': 'Neutral'}",0.0,0.0,Neutral
1hcl5hi,"US firm beats Microsoft, Harvard with 50 entangled logical qubits in quantum computer | Records are tumbling in months as companies race to build fault tolerant quantum computers.",,2024-12-12 13:31:51,50,0,https://interestingengineering.com/innovation/50-logical-qubits-entangled-record-quantinuum,,"{'textblob_score': 0.0, 'vader_score': 0.0, 'sentiment_category': 'Neutral'}",0.0,0.0,Neutral
1hbw6u9,The Operators Behind Four Major Neo-Nazi X Accounts,,2024-12-11 15:37:21,2363,53,https://znetwork.org/znetarticle/the-operators-behind-four-major-neo-nazi-x-accounts/,,"{'textblob_score': 0.0, 'vader_score': 0.0, 'sentiment_category': 'Neutral'}",0.0,0.0,Neutral
1hcdm95,"Meta, TikTok and Google to be forced to pay for Australian news",,2024-12-12 04:57:58,181,26,https://www.theguardian.com/australia-news/2024/dec/12/meta-tiktok-and-google-to-be-forced-to-pay-for-australian-news,,"{'textblob_score': 0.0, 'vader_score': 0.0, 'sentiment_category': 'Neutral'}",0.0,0.0,Neutral
1hbwisp,"Russia Tests Cutting Off Access to Global Web, and VPNs Can't Get Around It",,2024-12-11 15:52:04,1815,296,https://www.pcmag.com/news/russia-tests-cutting-off-access-to-global-web-and-vpns-cant-get-around,,"{'textblob_score': 0.0, 'vader_score': 0.0, 'sentiment_category': 'Neutral'}",0.0,0.0,Neutral
1hbzyjr,"Instagram, Facebook, WhatsApp, and Threads are currently down in major Meta outage",,2024-12-11 18:14:46,1167,219,https://9to5mac.com/2024/12/11/instagram-facebook-whatsapp-and-threads-are-currently-down-in-major-meta-outage/,,"{'textblob_score': 0.0, 'vader_score': 0.0, 'sentiment_category': 'Neutral'}",0.0,0.0,Neutral
1hcjkib,Japanese publisher Kadokawa paid $3 million to Russia-linked hacker group after cyberattack,,2024-12-12 12:00:47,41,2,https://mainichi.jp/english/articles/20241212/p2g/00m/0na/035000c,,"{'textblob_score': 0.0, 'vader_score': 0.0, 'sentiment_category': 'Neutral'}",0.0,0.0,Neutral
1hbn654,Judge rejects sale of Alex Jones' Infowars to The Onion in dispute over bankruptcy auction,,2024-12-11 06:12:47,9650,864,https://apnews.com/article/infowars-onion-6bbdfb7d8d87b2f114570fcde4e39930,,"{'textblob_score': 0.0, 'vader_score': 0.0, 'sentiment_category': 'Neutral'}",0.0,0.0,Neutral
1hc5sol,It sure looks like OpenAI trained Sora on game content — and legal experts say that could be a problem ,,2024-12-11 22:20:05,393,137,https://techcrunch.com/2024/12/11/it-sure-looks-like-openai-trained-sora-on-game-content-and-legal-experts-say-that-could-be-a-problem/?utm_source=dlvr.it&utm_medium=bluesky,,"{'textblob_score': 0.0, 'vader_score': 0.0, 'sentiment_category': 'Neutral'}",0.0,0.0,Neutral
1hcj141,"US to cap countries’ advanced chip access, with China in sights: sources",,2024-12-12 11:25:11,37,8,https://www.scmp.com/tech/tech-war/article/3290435/chip-war-us-plans-cap-countries-semiconductor-access-targeting-chinese-smuggling,,"{'textblob_score': 0.0, 'vader_score': 0.0, 'sentiment_category': 'Neutral'}",0.0,0.0,Neutral
1hcbpm7,Blocking Chinese spies from intercepting calls? Sen. Wyden blasts FCC's 'failure' amid Salt Typhoon hacks,,2024-12-12 03:08:38,158,6,https://www.theregister.com/2024/12/11/telecom_cybersecurity_standards/,,"{'textblob_score': 0.0, 'vader_score': 0.0, 'sentiment_category': 'Neutral'}",0.0,0.0,Neutral
1hc8wq9,"Pentagon announces new AI office as it looks to deploy autonomous weapons
",,2024-12-12 00:45:39,219,78,https://thehill.com/policy/defense/5034805-artificial-intelligence-military/,,"{'textblob_score': 0.0, 'vader_score': 0.0, 'sentiment_category': 'Neutral'}",0.0,0.0,Neutral
1hbur1h,YouTube Says Viewers Streamed Over 1 Billion Hours Daily From Their Living Rooms in 2024,,2024-12-11 14:32:14,1046,195,https://www.thewrap.com/youtube-living-room-viewership-1-billion-hours-daily-tv-2024/,,"{'textblob_score': 0.0, 'vader_score': 0.0, 'sentiment_category': 'Neutral'}",0.0,0.0,Neutral
1hbw4mb,"Amazon starts selling Hyundai cars, more brands next year | Amazon Autos has gone live in 48 US cities",,2024-12-11 15:34:43,862,220,https://arstechnica.com/cars/2024/12/amazon-gets-into-the-car-sales-game-starting-with-hyundai/,,"{'textblob_score': 0.0, 'vader_score': 0.0, 'sentiment_category': 'Neutral'}",0.0,0.0,Neutral
1hco83g,You can now use AirTags to expedite a lost luggage reunion through United’s mobile app,,2024-12-12 15:59:18,9,4,https://www.theverge.com/2024/12/12/24319503/apple-airtag-find-my-network-share-item-location-united-airlines-lost-bag-luggage,,"{'textblob_score': 0.0, 'vader_score': 0.0, 'sentiment_category': 'Neutral'}",0.0,0.0,Neutral
1hcldj8,Report: Google told FTC Microsoft’s OpenAI deal is killing AI competition,,2024-12-12 13:43:50,13,3,https://arstechnica.com/tech-policy/2024/12/report-microsofts-exclusive-deal-with-openai-harms-competition-google-told-ftc/,,"{'textblob_score': 0.0, 'vader_score': 0.0, 'sentiment_category': 'Neutral'}",0.0,0.0,Neutral
1hcmrpk,BeReal accused of annoying users into sharing their data,,2024-12-12 14:53:00,8,2,https://www.engadget.com/big-tech/bereal-accused-of-annoying-users-into-sharing-their-data-160024570.html,,"{'textblob_score': 0.0, 'vader_score': 0.0, 'sentiment_category': 'Neutral'}",0.0,0.0,Neutral
1hckg3t,Nvidia Denies Rumors It Will Cut Supplies To China,,2024-12-12 12:53:15,10,3,https://asia.nikkei.com/Business/Tech/Semiconductors/Nvidia-denies-rumours-it-will-cut-supplies-to-China,,"{'textblob_score': 0.0, 'vader_score': 0.0, 'sentiment_category': 'Neutral'}",0.0,0.0,Neutral
1hbs6fs,Startup will brick $800 emotional support robot for kids without refunds | Embodied says it will try to refund recent purchases but makes no promises.,,2024-12-11 12:17:13,1057,135,https://arstechnica.com/gadgets/2024/12/startup-will-brick-800-emotional-support-robot-for-kids-without-refunds/,,"{'textblob_score': 0.0, 'vader_score': 0.0, 'sentiment_category': 'Neutral'}",0.0,0.0,Neutral
1hcoauy,"Google announces Android XR, a new OS for headsets and smart glasses",,2024-12-12 16:02:21,6,3,https://www.theverge.com/2024/12/12/24319538/google-android-xr-ar-vr-smart-glasses,,"{'textblob_score': 0.0, 'vader_score': 0.0, 'sentiment_category': 'Neutral'}",0.0,0.0,Neutral
1hbwsnm,Steam has just beaten its concurrent players record once again with a whopping 39.2 million at one time | And there are a few big launches to thank.,,2024-12-11 16:03:42,474,39,https://www.pcgamer.com/software/steam-has-just-beaten-its-concurrent-players-record-once-again-with-a-whopping-39-2-million-at-one-time/,,"{'textblob_score': 0.0, 'vader_score': 0.0, 'sentiment_category': 'Neutral'}",0.0,0.0,Neutral
1hcnlcf,Why You Might Not Need to Add ‘Reddit’ to Your Google Searches Anymore,,2024-12-12 15:30:43,6,0,https://lifehacker.com/tech/reddit-has-a-new-ai-search-tool?ref=thefuturist,,"{'textblob_score': 0.0, 'vader_score': 0.0, 'sentiment_category': 'Neutral'}",0.0,0.0,Neutral
1hbdlmn,Suspect in CEO’s killing had discussed his health struggles on Reddit,,2024-12-10 22:01:49,24203,2511,https://www.nytimes.com/2024/12/10/nyregion/luigi-mangione-health-issues-reddit.html,,"{'textblob_score': 0.0, 'vader_score': 0.0, 'sentiment_category': 'Neutral'}",0.0,0.0,Neutral
1hbw8og,Wyden proposes bill to secure US telecoms after Salt Typhoon hacks,,2024-12-11 15:39:40,433,23,https://www.bleepingcomputer.com/news/security/wyden-proposes-bill-to-secure-us-telecoms-after-salt-typhoon-hacks/,,"{'textblob_score': 0.0, 'vader_score': 0.0, 'sentiment_category': 'Neutral'}",0.0,0.0,Neutral
1hbzgkl,Designer Babies Are Teenagers Now—and Some of Them Need Therapy Because of It,,2024-12-11 17:54:21,234,122,https://www.wired.com/story/your-next-job-designer-baby-therapist/,,"{'textblob_score': 0.0, 'vader_score': 0.0, 'sentiment_category': 'Neutral'}",0.0,0.0,Neutral
1hcmr5z,IBM Boasts Industry-Leading Photonics to Cut AI Training Speed,,2024-12-12 14:52:15,5,0,https://www.eetimes.com/ibm-boasts-industry-leading-photonics-to-cut-ai-training-speed/,,"{'textblob_score': 0.0, 'vader_score': 0.0, 'sentiment_category': 'Neutral'}",0.0,0.0,Neutral
1hcgeq8,Chatbot 'encouraged teen to kill parents over screen time limit',,2024-12-12 08:08:44,15,14,https://www.bbc.com/news/articles/cd605e48q1vo,,"{'textblob_score': 0.0, 'vader_score': 0.0, 'sentiment_category': 'Neutral'}",0.0,0.0,Neutral
1hbc4wz,"Boeing cancels its workplace surveillance program, will be ‘removing the sensors that have been installed’ — less than a day after The Seattle Times requested comment about leaked information",,2024-12-10 20:59:37,8717,160,https://www.seattletimes.com/business/boeing-aerospace/boeing-cancels-its-workplace-surveillance-program-will-remove-sensors/,,"{'textblob_score': 0.0, 'vader_score': 0.0, 'sentiment_category': 'Neutral'}",0.0,0.0,Neutral
1hc73pe,Open source maintainers are drowning in junk bug reports written by AI,,2024-12-11 23:17:51,63,5,https://www.theregister.com/2024/12/10/ai_slop_bug_reports/?td=rt-4a,,"{'textblob_score': 0.0, 'vader_score': 0.0, 'sentiment_category': 'Neutral'}",0.0,0.0,Neutral
1hb6ydi,Trump's DOJ secretly obtained phone and text message logs of 43 congressional staffers and 2 members of Congress,,2024-12-10 17:22:22,18418,706,https://www.nbcnews.com/politics/justice-department/trumps-doj-secretly-obtained-phone-text-message-logs-43-congressional-rcna183610,,"{'textblob_score': 0.0, 'vader_score': 0.0, 'sentiment_category': 'Neutral'}",0.0,0.0,Neutral
1hbrd09,Philippines constructing $3bn ‘world’s largest’ integrated solar/battery facility,,2024-12-11 11:24:45,393,10,https://www.constructionbriefing.com/news/philippines-delivers-contracts-for-us3b-worlds-largest-integrated-solar-battery-facility/8043479.article,,"{'textblob_score': 0.0, 'vader_score': 0.0, 'sentiment_category': 'Neutral'}",0.0,0.0,Neutral
1hbup40,"B.C. lawsuit claims Electronic Arts video game ""loot boxes"" are deceptive",,2024-12-11 14:29:39,223,12,"https://vancouversun.com/news/bc-lawsuit-electronic-arts-loot-boxes-deceptive#:~:text=According%20to%20legal%20firm%20Slater,repeated%20purchases%20of%20loot%20boxes.%E2%80%9D",,"{'textblob_score': 0.0, 'vader_score': 0.0, 'sentiment_category': 'Neutral'}",0.0,0.0,Neutral
1hco1zd,Palmer Luckey’s defense tech company will make next-gen military aircraft with Archer | A hybrid vertical takeoff and landing aircraft,,2024-12-12 15:51:42,2,1,https://www.theverge.com/2024/12/12/24319087/anduril-archer-vtol-aircraft-military-investment,,"{'textblob_score': 0.0, 'vader_score': 0.0, 'sentiment_category': 'Neutral'}",0.0,0.0,Neutral
1hbon6u,Valve is now selling refurbished Steam Deck OLEDs starting at $439,,2024-12-11 07:59:14,628,36,https://www.theverge.com/2024/12/10/24318367/valve-refurbished-steam-deck-oled,,"{'textblob_score': 0.0, 'vader_score': 0.0, 'sentiment_category': 'Neutral'}",0.0,0.0,Neutral
1hcbehv,"Fujitsu flaunts massive 144-core Monaka Arm chip — 2nm and 5nm chiplets, 3D-stacked CPU cores over memory",,2024-12-12 02:52:08,16,1,https://www.tomshardware.com/pc-components/cpus/fujitsu-flaunts-144-core-monaka-cpu-2nm-and-5nm-chiplets-soic-and-cowos-packaging,,"{'textblob_score': 0.0, 'vader_score': 0.0, 'sentiment_category': 'Neutral'}",0.0,0.0,Neutral
1hclrln,Microsoft gives Alt+Space shortcut over to Copilot,,2024-12-12 14:03:44,1,2,https://www.theregister.com/2024/12/11/microsoft_copilot_keyboard_shortcut/?td=rt-3a,,"{'textblob_score': 0.0, 'vader_score': 0.0, 'sentiment_category': 'Neutral'}",0.0,0.0,Neutral
1hcaocq,Tech billionaires prepare to invade the Pentagon,,2024-12-12 02:14:23,16,11,https://www.politico.com/news/2024/12/10/silicon-valley-takes-over-pentagon-00193576,,"{'textblob_score': 0.0, 'vader_score': 0.0, 'sentiment_category': 'Neutral'}",0.0,0.0,Neutral
1hc15lj,"Facebook, Instagram, and Threads are down - The Verge",,2024-12-11 19:03:47,56,25,https://www.theverge.com/2024/12/11/24318908/facebook-instagram-threads-down-outage-meta,,"{'textblob_score': 0.0, 'vader_score': 0.0, 'sentiment_category': 'Neutral'}",0.0,0.0,Neutral
1hcp56s,YouTube “Enhances” Comment Section With AI-Generated Nonsense,,2024-12-12 16:39:24,1,1,https://www.404media.co/youtube-enhances-comment-section-with-ai-generated-nonsense/,,"{'textblob_score': 0.0, 'vader_score': 0.0, 'sentiment_category': 'Neutral'}",0.0,0.0,Neutral
1hcnuw0,"Hands on with Project Astra, Google's see-all assistant",,2024-12-12 15:42:55,1,0,https://www.axios.com/2024/12/11/google-project-astra-hands-on,,"{'textblob_score': 0.0, 'vader_score': 0.0, 'sentiment_category': 'Neutral'}",0.0,0.0,Neutral
1hbvfs2,Krispy Kreme is latest to report a cyberattack that’s hampering its business,,2024-12-11 15:03:43,88,13,https://www.marketwatch.com/story/krispy-kreme-is-latest-to-report-a-cyberattack-thats-hampering-its-business-5d58a290,,"{'textblob_score': 0.0, 'vader_score': 0.0, 'sentiment_category': 'Neutral'}",0.0,0.0,Neutral
1hc00wn,"With promising early data in triple negative breast cancer, a new bispecific heats up",,2024-12-11 18:17:23,46,0,https://www.statnews.com/2024/12/10/triple-negative-breast-cancer-biontech-immunotherapy-bispecific/,,"{'textblob_score': 0.0, 'vader_score': 0.0, 'sentiment_category': 'Neutral'}",0.0,0.0,Neutral
1hc52ay,"Microsoft now allows Windows 11 installations on unsupported hardware, devices.",,2024-12-11 21:48:32,26,14,https://www.techspot.com/news/105894-microsoft-now-officially-allows-windows-11-installation-unsupported.html,,"{'textblob_score': 0.0, 'vader_score': 0.0, 'sentiment_category': 'Neutral'}",0.0,0.0,Neutral
1hc9lvp,World-1st tubular 'mini intestine' crafted by Japan researchers from human iPS cells  ,,2024-12-12 01:19:49,10,0,https://mainichi.jp/english/articles/20241211/p2a/00m/0sc/008000c,,"{'textblob_score': 0.0, 'vader_score': 0.0, 'sentiment_category': 'Neutral'}",0.0,0.0,Neutral
1hcmo2l,Trump May Split Up America's Cyber Agencies,,2024-12-12 14:48:09,0,17,https://gizmodo.com/trump-may-split-up-americas-cyber-agencies-2000537657,,"{'textblob_score': 0.0, 'vader_score': 0.0, 'sentiment_category': 'Neutral'}",0.0,0.0,Neutral
1hc75cs,"GM is giving up on Cruise robotaxis, pivots to personal autonomous vehicles",,2024-12-11 23:20:01,16,5,https://techcrunch.com/2024/12/11/gm-is-giving-up-on-cruise-robotaxis-pivots-to-personal-autonomous-vehicles/,,"{'textblob_score': 0.0, 'vader_score': 0.0, 'sentiment_category': 'Neutral'}",0.0,0.0,Neutral
1hbrqas,"PeerTube, the Open-Source YouTube, Now Has Mobile Apps",,2024-12-11 11:49:18,142,0,https://www.howtogeek.com/peertube-now-has-mobile-apps/,,"{'textblob_score': 0.0, 'vader_score': 0.0, 'sentiment_category': 'Neutral'}",0.0,0.0,Neutral
1hbg8nr,"Proposed merger of Kroger and Albertsons is halted by federal, state judges",,2024-12-11 00:01:02,1223,16,https://apnews.com/article/kroger-albertsons-merger-court-decision-41263bd9137d5046a642e7d26e98cdfc,,"{'textblob_score': 0.0, 'vader_score': 0.0, 'sentiment_category': 'Neutral'}",0.0,0.0,Neutral
1hbzbtg,Hong Kong police consider using drones for patrols as rules are reviewed,,2024-12-11 17:49:00,47,1,https://www.scmp.com/news/hong-kong/law-and-crime/article/3290356/hong-kong-police-consider-using-drones-patrol-streets-authorities-review-rules,,"{'textblob_score': 0.0, 'vader_score': 0.0, 'sentiment_category': 'Neutral'}",0.0,0.0,Neutral
1hbft3p,US military grounds entire Osprey tiltrotor fleet,,2024-12-10 23:41:15,1265,122,https://www.theregister.com/2024/12/10/us_military_osprey/,,"{'textblob_score': 0.0, 'vader_score': 0.0, 'sentiment_category': 'Neutral'}",0.0,0.0,Neutral
1hcly5m,US solar industry downplays climate in strategy for Trump era,,2024-12-12 14:12:42,0,5,https://www.reuters.com/business/energy/us-solar-industry-downplays-climate-strategy-trump-era-2024-12-12/,,"{'textblob_score': 0.0, 'vader_score': 0.0, 'sentiment_category': 'Neutral'}",0.0,0.0,Neutral
1hchvho,Mozilla removing Do Not Track option from Firefox 135,,2024-12-12 10:03:33,3,4,https://www.theregister.com/2024/12/12/firefox_do_not_track/,,"{'textblob_score': 0.0, 'vader_score': 0.0, 'sentiment_category': 'Neutral'}",0.0,0.0,Neutral
1hckbr5,Conspiracy theories overwhelm Reserve Bank submissions,,2024-12-12 12:46:30,0,1,https://newsroom.co.nz/2024/12/11/conspiracy-theories-overwhelm-reserve-bank-submissions/,,"{'textblob_score': 0.0, 'vader_score': 0.0, 'sentiment_category': 'Neutral'}",0.0,0.0,Neutral
1hc0ox0,"""Become Anyone 2.0"" is an LED display face-changing mask that lives up to its name.",,2024-12-11 18:45:02,26,21,https://www.techspot.com/news/105870-become-anyone-20-face-changing-mask-display-lives.html,,"{'textblob_score': 0.0, 'vader_score': 0.0, 'sentiment_category': 'Neutral'}",0.0,0.0,Neutral
1hc45gt,Supreme Court Dismisses NVIDIA’s Securities Fraud Appeal,,2024-12-11 21:09:01,17,2,https://www.scotusblog.com/2024/12/supreme-court-dismisses-nvidias-securities-fraud-appeal/,,"{'textblob_score': 0.0, 'vader_score': 0.0, 'sentiment_category': 'Neutral'}",0.0,0.0,Neutral
1hb1bgg,"Apple hit with $1.2B lawsuit after killing controversial CSAM-detecting tool. Apple knowingly ignoring child porn is a ""never-ending nightmare,"" lawsuit says.",,2024-12-10 13:06:04,6224,517,https://arstechnica.com/tech-policy/2024/12/thousands-of-child-sex-abuse-victims-sue-apple-for-lax-csam-reporting/,,"{'textblob_score': 0.0, 'vader_score': 0.0, 'sentiment_category': 'Neutral'}",0.0,0.0,Neutral
1hbnhrf,Cruise employees ‘blindsided’ by GM’s plan to end robotaxi program,,2024-12-11 06:34:54,223,37,https://techcrunch.com/2024/12/10/cruise-employees-blindsided-by-gms-plan-to-end-robotaxi-program/,,"{'textblob_score': 0.0, 'vader_score': 0.0, 'sentiment_category': 'Neutral'}",0.0,0.0,Neutral
1hc22jr,72pc accounts spreading anti-Bangladesh misinformation located in India: Rumor Scanner ,,2024-12-11 19:42:12,21,10,https://www.bssnews.net/news/229982,,"{'textblob_score': 0.0, 'vader_score': 0.0, 'sentiment_category': 'Neutral'}",0.0,0.0,Neutral
1hcbbwo,In GPU We Antitrust,,2024-12-12 02:48:21,3,0,https://www.nextplatform.com/2024/12/09/in-gpu-we-antitrust/,,"{'textblob_score': 0.0, 'vader_score': 0.0, 'sentiment_category': 'Neutral'}",0.0,0.0,Neutral
1haw3pb,Google steps in after McDonald's gets ‘review bombed’ over arrest in UnitedHealth CEO's murder,,2024-12-10 07:01:22,29125,2132,https://www.hindustantimes.com/world-news/google-steps-in-after-mcdonalds-get-review-bombed-over-arrest-in-unitedhealth-ceos-murder-101733809168783.html,,"{'textblob_score': 0.0, 'vader_score': 0.0, 'sentiment_category': 'Neutral'}",0.0,0.0,Neutral
1hbzx6x,"Watch Chinese security robot with wheels for feet scramble down hills and perform acrobatics - With wheels and a choice of two legs or four, the DEEP Robotics Lynx is capable of traversing tough terrain",,2024-12-11 18:13:12,19,11,https://www.livescience.com/technology/robotics/watch-chinese-security-robot-with-wheels-for-feet-scramble-down-hills-and-perform-acrobatics,,"{'textblob_score': 0.0, 'vader_score': 0.0, 'sentiment_category': 'Neutral'}",0.0,0.0,Neutral
1hbkg0e,Nvidia Is Now Too Powerful For Beijing To Constrain,,2024-12-11 03:32:25,206,24,https://www.bloomberg.com/news/newsletters/2024-12-10/nvidia-is-now-too-powerful-for-beijing-to-constrain?srnd=homepage-canada,,"{'textblob_score': 0.0, 'vader_score': 0.0, 'sentiment_category': 'Neutral'}",0.0,0.0,Neutral
1hbrv36,Spotify's Car Thing Accessory is Officially Dead,,2024-12-11 11:58:00,30,6,https://www.macrumors.com/2024/12/10/spotify-car-thing-officially-dead/,,"{'textblob_score': 0.0, 'vader_score': 0.0, 'sentiment_category': 'Neutral'}",0.0,0.0,Neutral
1hbcpm7,GM halts funding of robotaxi development by Cruise,,2024-12-10 21:23:34,442,101,https://www.cnbc.com/2024/12/10/gm-halts-funding-of-robotaxi-development-by-cruise.html,,"{'textblob_score': 0.0, 'vader_score': 0.0, 'sentiment_category': 'Neutral'}",0.0,0.0,Neutral
1hbwvgk,"Intel Arc B580 Battlemage GPU OpenCL/Vulkan Performance Leaks Out, 9% To 30% Faster Than A580",,2024-12-11 16:07:00,14,2,https://videocardz.com/newz/intel-arc-b580-battlemage-gpu-opencl-vulkan-performance-leaks-out-9-to-30-faster-than-a580,,"{'textblob_score': 0.0, 'vader_score': 0.0, 'sentiment_category': 'Neutral'}",0.0,0.0,Neutral
1hbou3j,"WordPress parent company must stop blocking WP Engine, judge rules",,2024-12-11 08:13:03,57,10,https://www.theverge.com/2024/12/10/24318350/automattic-restore-wp-engine-access-wordpress,,"{'textblob_score': 0.0, 'vader_score': 0.0, 'sentiment_category': 'Neutral'}",0.0,0.0,Neutral
1hbh96l,NASA says moon mission is further delayed but hopes to land astronauts before China,,2024-12-11 00:49:33,223,90,https://www.nbcnews.com/science/space/nasa-moon-mission-delayed-land-astronauts-before-china-rcna182941,,"{'textblob_score': 0.0, 'vader_score': 0.0, 'sentiment_category': 'Neutral'}",0.0,0.0,Neutral
1hb7c9b,Open source maintainers are drowning in junk bug reports written by AI - Python security developer-in-residence decries use of bots that 'cannot understand code',,2024-12-10 17:38:43,825,46,https://www.theregister.com/2024/12/10/ai_slop_bug_reports/,,"{'textblob_score': 0.0, 'vader_score': 0.0, 'sentiment_category': 'Neutral'}",0.0,0.0,Neutral
1hbqoql,"The blame game between governments, banks and tech companies over who foots the bill for cyber scams",,2024-12-11 10:37:02,27,4,https://www.ft.com/content/577dff0d-b7a0-4bc3-a1b1-3ca828e5ba18,,"{'textblob_score': 0.0, 'vader_score': 0.0, 'sentiment_category': 'Neutral'}",0.0,0.0,Neutral
1hbdpd8,Social Media Is a Growing Vehicle for Climate Misinformation.,,2024-12-10 22:06:16,255,42,https://insideclimatenews.org/news/10122024/todays-climate-climate-misinformation-social-media/,,"{'textblob_score': 0.0, 'vader_score': 0.0, 'sentiment_category': 'Neutral'}",0.0,0.0,Neutral
1hazuav,"Alarming amount of Texas Instrument chips found in Russian-based weapons in Ukraine — Russian military using third parties to purchase U.S-made chips | The U.S., and Texas Instruments, are struggling to crack down on slippery Russian-bound shipments.",,2024-12-10 11:38:16,1751,66,https://www.tomshardware.com/tech-industry/alarming-amount-of-texas-instrument-chips-found-in-russian-based-weapons-in-ukraine-russian-military-using-third-parties-to-purchase-u-s-made-chips,,"{'textblob_score': 0.0, 'vader_score': 0.0, 'sentiment_category': 'Neutral'}",0.0,0.0,Neutral
1hazjos,"How Russia-backed influencers meddled in Romania’s vote — Presidential election annulled after ‘illegal’ social media campaign deploys 100 paid influencers with 8 million followers on TikTok, Meta platforms",,2024-12-10 11:18:28,1612,135,https://www.ft.com/content/4b00e7ec-2c79-4313-b012-4f09f436f3ed,,"{'textblob_score': 0.0, 'vader_score': 0.0, 'sentiment_category': 'Neutral'}",0.0,0.0,Neutral
1hbou9v,Tesla lobbied UK to strengthen rules on carbon emissions from cars and lorries | Tesla,,2024-12-11 08:13:24,36,6,https://www.theguardian.com/technology/2024/dec/10/tesla-uk-to-carbon-emissions-cars-lorries-elon-musk-semi-truck,,"{'textblob_score': 0.0, 'vader_score': 0.0, 'sentiment_category': 'Neutral'}",0.0,0.0,Neutral
1hbopob,"Google asks FTC to break up Microsoft's cloud deal with OpenAI, the Information says",,2024-12-11 08:03:46,32,3,https://www.reuters.com/technology/google-asks-ftc-break-up-microsofts-cloud-deal-with-openai-information-says-2024-12-11/,,"{'textblob_score': 0.0, 'vader_score': 0.0, 'sentiment_category': 'Neutral'}",0.0,0.0,Neutral
1hb1x9o,Former Intel CEO Pat Gelsinger calls for prayer and fasting for employees,,2024-12-10 13:38:05,980,283,https://www.foxbusiness.com/technology/ex-intel-ceo-pat-gelsinger-calls-prayer-fasting-employees,,"{'textblob_score': 0.0, 'vader_score': 0.0, 'sentiment_category': 'Neutral'}",0.0,0.0,Neutral
1hb2ghp,"Chatbots urged teen to self-harm, suggested murdering parents, lawsuit says",,2024-12-10 14:03:54,784,59,https://arstechnica.com/tech-policy/2024/12/chatbots-urged-teen-to-self-harm-suggested-murdering-parents-lawsuit-says/,,"{'textblob_score': 0.0, 'vader_score': 0.0, 'sentiment_category': 'Neutral'}",0.0,0.0,Neutral
1hbcs2q,The Future of Anxiety Relief: Psychedelics Minus the Hallucinogenic Effects,,2024-12-10 21:26:28,184,83,https://scitechdaily.com/the-future-of-anxiety-relief-psychedelics-minus-the-hallucinogenic-effects/,,"{'textblob_score': 0.0, 'vader_score': 0.0, 'sentiment_category': 'Neutral'}",0.0,0.0,Neutral
1hbteu1,WP Engine wins preliminary injunction in WordPress legal battle | The judgement temporarily forces Automattic to restore WPEngine's access to Wordpress.org.,,2024-12-11 13:26:17,9,0,https://www.engadget.com/general/wp-engine-wins-preliminary-injunction-in-wordpress-legal-battle-131527285.html,,"{'textblob_score': 0.0, 'vader_score': 0.0, 'sentiment_category': 'Neutral'}",0.0,0.0,Neutral
1hbfzz9,Salt Typhoon recorded 'very senior' US officials' calls,,2024-12-10 23:50:15,109,7,https://www.theregister.com/2024/12/09/white_house_salt_typhoon/,,"{'textblob_score': 0.0, 'vader_score': 0.0, 'sentiment_category': 'Neutral'}",0.0,0.0,Neutral
1hbdhhm,"Over $6 billion in CHIPS Act funding finalized for Micron plants in the US | The US Commerce Department says Micron’s Idaho and New York plants will create around 20,000 jobs.",,2024-12-10 21:56:58,148,13,https://www.theverge.com/2024/12/10/24317897/micron-chips-act-6-1-billion-subsidy-grant-new-plants-idaho-new-york-virginia,,"{'textblob_score': 0.0, 'vader_score': 0.0, 'sentiment_category': 'Neutral'}",0.0,0.0,Neutral
1hb7rod,"Just to cap off Intel's annus horribilis, Time picks AMD's Dr Lisa Su as its CEO of the year | Definitely a better choice than last year's pick, that's for sure.",,2024-12-10 17:56:51,258,26,https://www.pcgamer.com/hardware/just-to-cap-off-intels-annus-horribilis-time-picks-amds-dr-lisa-su-as-its-ceo-of-the-year/,,"{'textblob_score': 0.0, 'vader_score': 0.0, 'sentiment_category': 'Neutral'}",0.0,0.0,Neutral
1hcingm,Google claims its new Willow quantum chip can swiftly solve a problem that would take a standard supercomputer 10 septillion years.,,2024-12-12 10:59:41,0,36,https://www.tomshardware.com/tech-industry/quantum-computing/google-claims-its-new-willow-quantum-chip-can-swiftly-solve-a-problem-that-would-take-a-standard-supercomputer-10-septillion-years,,"{'textblob_score': 0.0, 'vader_score': 0.0, 'sentiment_category': 'Neutral'}",0.0,0.0,Neutral
1hcgjgh,"Apple reveals new AI chip building partner, and it isn't Amazon",,2024-12-12 08:19:01,0,2,https://www.thestreet.com/technology/apple-reveals-new-ai-chip-building-partner-and-it-isnt-amazon-,,"{'textblob_score': 0.0, 'vader_score': 0.0, 'sentiment_category': 'Neutral'}",0.0,0.0,Neutral
1hc17md,How the AI Boom Threatens to Short-Circuit Climate Action,,2024-12-11 19:06:03,1,2,https://www.audubon.org/magazine/how-ai-boom-threatens-short-circuit-climate-action,,"{'textblob_score': 0.0, 'vader_score': 0.0, 'sentiment_category': 'Neutral'}",0.0,0.0,Neutral
1haij4m,A Software Engineer is Mapping License Plate Readers Nationwide: ‘I don’t like being tracked’,,2024-12-09 19:48:47,18222,732,https://www.al.com/news/2024/11/huntsville-born-software-engineer-mapping-license-plate-readers-nationwide-i-dont-like-being-tracked.html,,"{'textblob_score': 0.0, 'vader_score': 0.0, 'sentiment_category': 'Neutral'}",0.0,0.0,Neutral
1hbgfpy,Location data firm helps police find out when suspects visited their doctor,,2024-12-11 00:09:53,60,4,https://arstechnica.com/tech-policy/2024/12/location-data-firm-helps-police-find-out-when-suspects-visited-their-doctor/,,"{'textblob_score': 0.0, 'vader_score': 0.0, 'sentiment_category': 'Neutral'}",0.0,0.0,Neutral
1hbg22g,"WordPress must stop blocking WP Engine, judge rules",,2024-12-10 23:52:58,63,17,https://www.theverge.com/2024/12/10/24318350/automattic-restore-wp-engine-access-wordpress?utm_content=bufferd1de2&utm_medium=social&utm_source=bufferapp.com&utm_campaign=buffer,,"{'textblob_score': 0.0, 'vader_score': 0.0, 'sentiment_category': 'Neutral'}",0.0,0.0,Neutral
1hb4tzd,"Microsoft 365 outage takes down Office web apps, admin center",,2024-12-10 15:51:59,262,21,https://www.bleepingcomputer.com/news/microsoft/microsoft-365-outage-takes-down-office-web-apps-admin-center/,,"{'textblob_score': 0.0, 'vader_score': 0.0, 'sentiment_category': 'Neutral'}",0.0,0.0,Neutral
1haqje8,Tesla sued by deceased driver’s family over 'fraudulent misrepresentation' of Autopilot safety,,2024-12-10 01:45:32,3346,124,https://www.cnbc.com/2024/12/09/tesla-accused-of-fraudulent-misrepresentation-of-autopilot-in-crash-.html,,"{'textblob_score': 0.0, 'vader_score': 0.0, 'sentiment_category': 'Neutral'}",0.0,0.0,Neutral
1hbgh5l,G.M. Will Stop Developing Self-Driving Taxis,,2024-12-11 00:11:43,41,9,https://www.nytimes.com/2024/12/10/business/gm-cruise-robotaxi.html,,"{'textblob_score': 0.0, 'vader_score': 0.0, 'sentiment_category': 'Neutral'}",0.0,0.0,Neutral
1hb4rdo,Game publishers are refusing to commit to release dates for fear of clashing with GTA 6 | Probably a good idea,,2024-12-10 15:48:59,198,32,https://www.techspot.com/news/105898-game-publishers-refusing-commit-release-dates-fear-clashing.html,,"{'textblob_score': 0.0, 'vader_score': 0.0, 'sentiment_category': 'Neutral'}",0.0,0.0,Neutral
1hanrs9,3D-printed ‘ghost gun’ discovered on suspect in connection to Brian Thompson assassination,,2024-12-09 23:32:32,3454,657,https://www.themirror.com/news/us-news/luigi-mangione-ghost-gun-suspect-849726,,"{'textblob_score': 0.0, 'vader_score': 0.0, 'sentiment_category': 'Neutral'}",0.0,0.0,Neutral
1hbtkee,"In a not-so-subtle signal to regulators, Blue Origin says New Glenn is ready",,2024-12-11 13:34:15,4,0,https://arstechnica.com/space/2024/12/intrigue-swirls-as-blue-origin-races-toward-year-end-deadline-for-new-glenn/,,"{'textblob_score': 0.0, 'vader_score': 0.0, 'sentiment_category': 'Neutral'}",0.0,0.0,Neutral
1hb0o62,Microsoft U-turns on Windows 11 TPM requirement days after doubling down,,2024-12-10 12:30:00,262,81,https://www.techpowerup.com/329691/microsoft-loosens-windows-11-install-requirements-tpm-2-0-not-needed-anymore,,"{'textblob_score': 0.0, 'vader_score': 0.0, 'sentiment_category': 'Neutral'}",0.0,0.0,Neutral
1hb1g6d,"Mozilla Firefox removes ""Do Not Track"" Feature support: Here's what it means for your Privacy",,2024-12-10 13:13:18,204,42,https://windowsreport.com/mozilla-firefox-removes-do-not-track-feature-support-heres-what-it-means-for-your-privacy/,,"{'textblob_score': 0.0, 'vader_score': 0.0, 'sentiment_category': 'Neutral'}",0.0,0.0,Neutral
1hbzaca,Google releases the first of its Gemini 2.0 AI models,,2024-12-11 17:47:17,0,5,https://www.cnbc.com/2024/12/11/google-releases-the-first-of-its-gemini-2point0-ai-models.html,,"{'textblob_score': 0.0, 'vader_score': 0.0, 'sentiment_category': 'Neutral'}",0.0,0.0,Neutral
1hc8xrp,OnlyFans Models Are Using AI Impersonators to Keep Up With Their DMs,,2024-12-12 00:47:09,0,20,https://www.wired.com/story/onlyfans-models-are-using-ai-impersonators-to-keep-up-with-their-dms/,,"{'textblob_score': 0.0, 'vader_score': 0.0, 'sentiment_category': 'Neutral'}",0.0,0.0,Neutral
1hb1kzo,A phone company developed an AI 'granny' to beat scammers at their own game,,2024-12-10 13:20:24,165,16,https://www.npr.org/2024/12/10/nx-s1-5220362/daisy-ai-granny-o2-fraud-spam-prevention,,"{'textblob_score': 0.0, 'vader_score': 0.0, 'sentiment_category': 'Neutral'}",0.0,0.0,Neutral
1harrp0,"Cable ISPs compare data caps to food menus: Don’t make us offer unlimited soup | Data plans compared to a ""tasting menu, a buffet, or unlimited soup and salad.""",,2024-12-10 02:48:52,1129,140,https://arstechnica.com/tech-policy/2024/12/cable-isps-compare-data-caps-to-food-menus-dont-make-us-offer-unlimited-soup/,,"{'textblob_score': 0.0, 'vader_score': 0.0, 'sentiment_category': 'Neutral'}",0.0,0.0,Neutral
1hbhpur,"Video is AI’s new frontier – and it is so persuasive, we should all be worried | I tried Sora, OpenAI’s new tool, and it just left me sad. Are we ready for a world in which we can never tell what is real?",,2024-12-11 01:12:06,17,40,https://www.theguardian.com/commentisfree/2024/dec/10/ai-openai-sora-video-new-frontier,,"{'textblob_score': 0.0, 'vader_score': 0.0, 'sentiment_category': 'Neutral'}",0.0,0.0,Neutral
1hbqqpl,VR is giving new dimensions to understand the technological concepts like jet engines and transformers. ,,2024-12-11 10:41:06,1,0,https://www.meta.com/experiences/ixrlabs-engineering-demo/5978954115548755/?q=js,,"{'textblob_score': 0.0, 'vader_score': 0.0, 'sentiment_category': 'Neutral'}",0.0,0.0,Neutral
1hbnwcf,A Bionic Leg Controlled by the Brain ,,2024-12-11 07:02:48,4,3,https://www.newyorker.com/magazine/2024/12/16/a-bionic-leg-controlled-by-the-brain,,"{'textblob_score': 0.0, 'vader_score': 0.0, 'sentiment_category': 'Neutral'}",0.0,0.0,Neutral
1hbaywc,Astronomers discover one of the fastest-spinning stars in the universe,,2024-12-10 20:10:10,41,24,https://phys.org/news/2024-10-astronomers-fastest-stars-universe.html,,"{'textblob_score': 0.0, 'vader_score': 0.0, 'sentiment_category': 'Neutral'}",0.0,0.0,Neutral
1hbwdy8,"QuantumScape Releases Next-Generation Solid-State Battery Separator Equipment, Cobra",,2024-12-11 15:46:18,0,3,https://finance.yahoo.com/news/quantumscape-releases-next-generation-solid-114500443.html,,"{'textblob_score': 0.0, 'vader_score': 0.0, 'sentiment_category': 'Neutral'}",0.0,0.0,Neutral
1ha7c40,Diamonds can now be created from scratch in the lab in 15 minutes,,2024-12-09 11:06:17,30438,1351,https://www.earth.com/news/real-diamonds-can-now-be-created-from-scratch-in-the-lab-in-just-15-minutes/,,"{'textblob_score': 0.0, 'vader_score': 0.0, 'sentiment_category': 'Neutral'}",0.0,0.0,Neutral
1hbdvxr,Telegram’s cyber attack against Ukraine has been hidden in plain sight,,2024-12-10 22:14:20,23,30,https://thesource.com/2024/12/09/telegrams-cyber-attack-against-ukraine-has-been-hidden-in-plain-sight/,,"{'textblob_score': 0.0, 'vader_score': 0.0, 'sentiment_category': 'Neutral'}",0.0,0.0,Neutral
1hc6zat,TCL TVs will use films made with generative AI to push targeted ads,,2024-12-11 23:12:21,0,20,https://arstechnica.com/gadgets/2024/12/tcl-tvs-will-use-films-made-with-generative-ai-to-push-targeted-ads/,,"{'textblob_score': 0.0, 'vader_score': 0.0, 'sentiment_category': 'Neutral'}",0.0,0.0,Neutral
1ha9x5h,Biden Launched A US Chipmaking Boom. The Jobs Boost Will Come Under Trump.,,2024-12-09 13:39:39,8865,401,https://www.businessinsider.com/semiconductor-manufacturing-jobs-trump-presidency-chips-act-funding-construction-2024-12,,"{'textblob_score': 0.0, 'vader_score': 0.0, 'sentiment_category': 'Neutral'}",0.0,0.0,Neutral
1hbhotq,Paul McCartney warns AI ‘could take over’ as UK debates copyright laws,,2024-12-11 01:10:42,13,8,https://www.theguardian.com/technology/2024/dec/10/paul-mccartney-ai-warning-uk-debates-copyright-laws,,"{'textblob_score': 0.0, 'vader_score': 0.0, 'sentiment_category': 'Neutral'}",0.0,0.0,Neutral
1hb9uyh,Apple’s Next Ultra Smartwatch Will Be Able to Send Texts Via Satellite,,2024-12-10 19:23:23,28,47,https://www.bloomberg.com/news/articles/2024-12-10/apple-plans-apple-watch-ultra-3-next-year-with-satellite-texting-and-5g,,"{'textblob_score': 0.0, 'vader_score': 0.0, 'sentiment_category': 'Neutral'}",0.0,0.0,Neutral
1halhnw,FTC distributes $72M to Fortnite customers tricked into making unwanted purchases ,,2024-12-09 21:51:52,1304,54,https://techcrunch.com/2024/12/09/ftc-distributes-72m-to-fortnite-customers-tricked-into-making-unwanted-purchases/?utm_source=dlvr.it&utm_medium=bluesky,,"{'textblob_score': 0.0, 'vader_score': 0.0, 'sentiment_category': 'Neutral'}",0.0,0.0,Neutral
1hbkdyn,To Fab Or Not To Fab Is The $7B Question For Intel,,2024-12-11 03:29:28,4,1,https://www.theregister.com/2024/12/10/gelsinger_departure_intel_future/,,"{'textblob_score': 0.0, 'vader_score': 0.0, 'sentiment_category': 'Neutral'}",0.0,0.0,Neutral
1hbj0cu,"It's not yet official, but this is the world's smallest arcade machine. Guess what game it plays?",,2024-12-11 02:17:36,7,50,https://www.cbc.ca/news/canada/london/it-s-not-yet-official-but-this-is-the-world-s-smallest-arcade-machine-guess-what-game-it-plays-1.7406570,,"{'textblob_score': 0.0, 'vader_score': 0.0, 'sentiment_category': 'Neutral'}",0.0,0.0,Neutral
1ha8bjj,How Peter Thiel’s network of right-wing techies is infiltrating Donald Trump’s White House,,2024-12-09 12:11:13,6591,347,https://www.yahoo.com/news/peter-thiel-network-wing-techies-235105942.html,,"{'textblob_score': 0.0, 'vader_score': 0.0, 'sentiment_category': 'Neutral'}",0.0,0.0,Neutral
1hc0wnb,Microsoft starts testing iPhone file sharing for Windows PCs,,2024-12-11 18:53:46,0,1,https://www.theverge.com/2024/12/11/24318886/microsoft-phone-link-file-sharing-ios-windows-pcs,,"{'textblob_score': 0.0, 'vader_score': 0.0, 'sentiment_category': 'Neutral'}",0.0,0.0,Neutral
1hab9lu,Apple’s iPhone Hit By FBI Warning And Lawsuit Before iOS 18.2 Release,,2024-12-09 14:44:40,2848,235,https://www.forbes.com/sites/zakdoffman/2024/12/08/apples-iphone-security-suddenly-under-attack-all-users-now-at-risk/,,"{'textblob_score': 0.0, 'vader_score': 0.0, 'sentiment_category': 'Neutral'}",0.0,0.0,Neutral
1hbvw9o,iPhone update brings controversial AI features that let you make pictures of friends,,2024-12-11 15:24:30,0,0,https://www.independent.co.uk/tech/apple-intelligence-generative-b2662573.html,,"{'textblob_score': 0.0, 'vader_score': 0.0, 'sentiment_category': 'Neutral'}",0.0,0.0,Neutral
1hahjg0,TikTok files emergency injunction in latest bid to stall US ban,,2024-12-09 19:07:25,1139,303,https://www.semafor.com/article/12/09/2024/tiktok-files-emergency-injunction-to-pause-us-ban,,"{'textblob_score': 0.0, 'vader_score': 0.0, 'sentiment_category': 'Neutral'}",0.0,0.0,Neutral
1hb0bt9,Dodge maker Stellantis and China's CATL team up to build $4.3 billion EV battery plant in Spain,,2024-12-10 12:09:08,48,1,https://www.cnbc.com/2024/12/10/stellantis-and-catl-to-build-4point3-billion-ev-battery-plant-in-spain.html,,"{'textblob_score': 0.0, 'vader_score': 0.0, 'sentiment_category': 'Neutral'}",0.0,0.0,Neutral
1hb1wdb,A mischievous Yakuza / Like a Dragon fan has tricked Google Maps into including the video game series' iconic Millennium Tower Rooftop as a tourist attraction in its real world Tokyo map,,2024-12-10 13:36:46,36,3,https://www.ign.com/articles/yakuza-like-a-dragon-fan-tricks-google-maps-into-adding-the-millennium-tower-rooftop-into-its-real-tokyo-map,,"{'textblob_score': 0.0, 'vader_score': 0.0, 'sentiment_category': 'Neutral'}",0.0,0.0,Neutral
1hb2bak,FTC refunding $72 million to Fortnite players over ‘unwanted’ purchases | Players are getting money back for Fortnite skins that the FTC claims players were pressured into buying,,2024-12-10 13:57:23,33,3,https://www.videogameschronicle.com/news/ftc-refunding-72-million-to-fortnite-players-over-unwanted-purchases/,,"{'textblob_score': 0.0, 'vader_score': 0.0, 'sentiment_category': 'Neutral'}",0.0,0.0,Neutral
1haj5hc,"Microsoft now allowing Windows 11 on older, incompatible PCs",,2024-12-09 20:14:07,853,238,https://www.pcworld.com/article/2550265/microsoft-now-allowing-windows-11-on-older-incompatible-pcs.html,,"{'textblob_score': 0.0, 'vader_score': 0.0, 'sentiment_category': 'Neutral'}",0.0,0.0,Neutral
1hb0021,US finalizes more than $6.1 billion chips subsidy for Micron Technology,,2024-12-10 11:48:51,50,8,https://finance.yahoo.com/news/us-finalizes-more-6-1-111553170.html,,"{'textblob_score': 0.0, 'vader_score': 0.0, 'sentiment_category': 'Neutral'}",0.0,0.0,Neutral
1hani69,AI slop is already invading Oregon’s local journalism,,2024-12-09 23:20:07,405,3,https://www.opb.org/article/2024/12/09/artificial-intelligence-local-news-oregon-ashland/,,"{'textblob_score': 0.0, 'vader_score': 0.0, 'sentiment_category': 'Neutral'}",0.0,0.0,Neutral
1hb760h,Nvidia Forges Deals In American Southwest And Southeastern Asia,,2024-12-10 17:31:15,13,0,https://www.gzeromedia.com/gzero-ai/nvidia-forges-deals-in-american-southwest-and-southeastern-asia,,"{'textblob_score': 0.0, 'vader_score': 0.0, 'sentiment_category': 'Neutral'}",0.0,0.0,Neutral
1haufe4,Why thermal batteries could replace lithium-ion batteries for energy storage,,2024-12-10 05:13:49,125,34,https://www.cnbc.com/2024/12/06/why-thermal-batteries-could-replace-lithium-ion-batteries-.html,,"{'textblob_score': 0.0, 'vader_score': 0.0, 'sentiment_category': 'Neutral'}",0.0,0.0,Neutral
1hbt1pg,Apple launches its ChatGPT integration with Siri,,2024-12-11 13:06:51,0,5,https://www.cnbc.com/2024/12/11/apple-launches-its-chatgpt-integration-with-siri.html,,"{'textblob_score': 0.0, 'vader_score': 0.0, 'sentiment_category': 'Neutral'}",0.0,0.0,Neutral
1hb5kqb,California Police Use AI to Transcribe Body Cam Videos,,2024-12-10 16:24:06,15,6,https://www.govtech.com/artificial-intelligence/california-police-use-ai-to-transcribe-body-cam-videos,,"{'textblob_score': 0.0, 'vader_score': 0.0, 'sentiment_category': 'Neutral'}",0.0,0.0,Neutral
1hb1iyq,EU cybersecurity rules for smart devices enter into force ,,2024-12-10 13:17:23,24,4,https://techcrunch.com/2024/12/10/eu-cybersecurity-rules-for-smart-devices-enter-into-force/,,"{'textblob_score': 0.0, 'vader_score': 0.0, 'sentiment_category': 'Neutral'}",0.0,0.0,Neutral
1haded3,"Mercedes is working on ""solar paint"" that could drastically reduce the need for charging",,2024-12-09 16:18:29,1247,88,https://www.techspot.com/news/105884-mercedes-working-solar-paint-could-eliminate-need-charging.html,,"{'textblob_score': 0.0, 'vader_score': 0.0, 'sentiment_category': 'Neutral'}",0.0,0.0,Neutral
1haj08i,Google’s quantum chip solves ‘impossible’ problems in five minutes,,2024-12-09 20:08:08,598,260,https://www.yahoo.com/tech/google-quantum-chip-solves-impossible-185004890.html,,"{'textblob_score': 0.0, 'vader_score': 0.0, 'sentiment_category': 'Neutral'}",0.0,0.0,Neutral
1hbwdv4,The AI revolution is running out of data. What can researchers do?,,2024-12-11 15:46:11,0,12,https://www.nature.com/articles/d41586-024-03990-2,,"{'textblob_score': 0.0, 'vader_score': 0.0, 'sentiment_category': 'Neutral'}",0.0,0.0,Neutral
1hae4lx,"Sick Americans say they’re turning to TikTok’s creator rewards program to crowdfund medical bills - As public outrage grows over the U.S. healthcare system, some social media creators say they’re using TikTok payouts of $1 per 1,000 views to raise money for treatment costs.",,2024-12-09 16:49:23,892,48,https://www.fastcompany.com/91242285/sick-americans-using-tiktok-creator-rewards-program-to-fund-health-care-pay-medical-bills,,"{'textblob_score': 0.0, 'vader_score': 0.0, 'sentiment_category': 'Neutral'}",0.0,0.0,Neutral
1hbx5lh,Microsoft gives Alt+Space shortcut over to Copilot,,2024-12-11 16:19:01,0,21,https://www.theregister.com/2024/12/11/microsoft_copilot_keyboard_shortcut/?utm_source=dlvr.it&utm_medium=bluesky,,"{'textblob_score': 0.0, 'vader_score': 0.0, 'sentiment_category': 'Neutral'}",0.0,0.0,Neutral
1hbxx5k,Google unveils Project Mariner: AI agents to use the web for you | TechCrunch,,2024-12-11 16:51:01,0,12,https://techcrunch.com/2024/12/11/google-unveils-project-mariner-ai-agents-to-use-the-web-for-you/,,"{'textblob_score': 0.0, 'vader_score': 0.0, 'sentiment_category': 'Neutral'}",0.0,0.0,Neutral
1haac7r,Russia’s Military Found A Surprisingly Simple Way To Buy US Chips,,2024-12-09 14:00:35,1223,103,https://www.bloomberg.com/news/features/2024-12-09/russia-s-military-buying-us-chips-from-texas-instruments-despite-sanctions,,"{'textblob_score': 0.0, 'vader_score': 0.0, 'sentiment_category': 'Neutral'}",0.0,0.0,Neutral
1haz6ya,Interview: Why diamonds may be a computer's best friend,,2024-12-10 10:54:27,23,16,https://newatlas.com/computers/interview-why-diamonds-computers-best-friend/,,"{'textblob_score': 0.0, 'vader_score': 0.0, 'sentiment_category': 'Neutral'}",0.0,0.0,Neutral
1hb1ibi,Microsoft Unveils Zero-Water Data Centers to Reduce AI Climate Impact,,2024-12-10 13:16:24,12,3,https://www.bloomberg.com/news/articles/2024-12-09/microsoft-unveils-zero-water-data-centers-to-reduce-ai-climate-impact,,"{'textblob_score': 0.0, 'vader_score': 0.0, 'sentiment_category': 'Neutral'}",0.0,0.0,Neutral
1hbvz67,Russia teams up with BRICS to create AI alliance,,2024-12-11 15:28:07,0,2,https://www.reuters.com/technology/artificial-intelligence/russia-teams-up-with-brics-create-ai-alliance-putin-says-2024-12-11/,,"{'textblob_score': 0.0, 'vader_score': 0.0, 'sentiment_category': 'Neutral'}",0.0,0.0,Neutral
1hbvh5f,"Intel should have focused on AI rather than chipmaking, TSMC founder says ",,2024-12-11 15:05:21,0,8,https://www.reuters.com/technology/intel-should-have-focused-ai-rather-than-chipmaking-tsmc-founder-says-2024-12-09/?s=31,,"{'textblob_score': 0.0, 'vader_score': 0.0, 'sentiment_category': 'Neutral'}",0.0,0.0,Neutral
1hbwo4i,TikTok Offers Cash to Users to Recruit Friends Ahead of US Ban,,2024-12-11 15:58:35,0,16,https://www.thewrap.com/tiktok-offers-cash-users-recruit-friends-us-ban/,,"{'textblob_score': 0.0, 'vader_score': 0.0, 'sentiment_category': 'Neutral'}",0.0,0.0,Neutral
1hanill,Ransomware attack hits leading heart surgery device maker,,2024-12-09 23:20:41,140,3,https://www.bleepingcomputer.com/news/security/ransomware-attack-hits-leading-heart-surgery-device-maker/,,"{'textblob_score': 0.0, 'vader_score': 0.0, 'sentiment_category': 'Neutral'}",0.0,0.0,Neutral
1hbtgf9,"Spying on Student Devices, Schools Aim to Intercept Self-Harm Before It Happens
New technology alerts schools when students type words related to suicide.",,2024-12-11 13:28:38,0,14,https://www.nytimes.com/2024/12/09/health/suicide-monitoring-software-schools.html,,"{'textblob_score': 0.0, 'vader_score': 0.0, 'sentiment_category': 'Neutral'}",0.0,0.0,Neutral
1hbrirm,YouTube can now automatically dub your videos,,2024-12-11 11:35:31,0,7,https://www.androidauthority.com/youtube-auto-dubbing-3507623/,,"{'textblob_score': 0.0, 'vader_score': 0.0, 'sentiment_category': 'Neutral'}",0.0,0.0,Neutral
1hbo9nk,JR East to launch scan-free ticket gates for app users within 10 yrs,,2024-12-11 07:30:18,0,3,https://english.kyodonews.net/news/2024/12/d5af6e3d14f1-jr-east-to-launch-scan-free-ticket-gates-for-app-users-within-10-yrs.html,,"{'textblob_score': 0.0, 'vader_score': 0.0, 'sentiment_category': 'Neutral'}",0.0,0.0,Neutral
1halasl,Google unveils ‘mindboggling’ quantum computing chip,,2024-12-09 21:43:49,156,90,https://www.theguardian.com/technology/2024/dec/09/google-unveils-mindboggling-quantum-computing-chip,,"{'textblob_score': 0.0, 'vader_score': 0.0, 'sentiment_category': 'Neutral'}",0.0,0.0,Neutral
1hb2722,Researchers design new shape-changing device for visually impaired,,2024-12-10 13:51:29,8,0,https://interestingengineering.com/innovation/shape-shifting-tech-aids-navigation,,"{'textblob_score': 0.0, 'vader_score': 0.0, 'sentiment_category': 'Neutral'}",0.0,0.0,Neutral
1hb71aa,Surrey announces world's first AI model for near-instant image creation on consumer-grade hardware,,2024-12-10 17:25:49,4,7,https://www.surrey.ac.uk/news/surrey-announces-worlds-first-ai-model-near-instant-image-creation-consumer-grade-hardware,,"{'textblob_score': 0.0, 'vader_score': 0.0, 'sentiment_category': 'Neutral'}",0.0,0.0,Neutral
1hbw8eu,LinkedIn wants to have its TikTok era,,2024-12-11 15:39:19,0,27,https://www.businessinsider.com/linkedin-expanding-video-feed-how-creators-grow-audience-tiktok-2024-12,,"{'textblob_score': 0.0, 'vader_score': 0.0, 'sentiment_category': 'Neutral'}",0.0,0.0,Neutral
1h9uyjx,How one of the world’s richest men is avoiding $8 billion in taxes — Nvidia CEO Jensen Huang has ‘done a magnificent job’ using tax strategies ubiquitous among the ultrawealthy,,2024-12-08 22:42:10,10951,470,https://www.nytimes.com/2024/12/05/business/nvidia-jensen-huang-estate-taxes.html,,"{'textblob_score': 0.0, 'vader_score': 0.0, 'sentiment_category': 'Neutral'}",0.0,0.0,Neutral
1hazlsa,"SAP says GenAI will help solve legacy migration skills shortage - As 2027 support deadline looms, German vendor puts faith in on-trend tech to help SIs do more with less",,2024-12-10 11:22:27,10,1,https://www.theregister.com/2024/12/10/sap_says_genai_will_help/,,"{'textblob_score': 0.0, 'vader_score': 0.0, 'sentiment_category': 'Neutral'}",0.0,0.0,Neutral
1ha99x5,"We can't make this stuff up: tech companies Palantir and Anduril form fellowship for AI adventures - Meanwhile, Sauron secures funding. Really.",,2024-12-09 13:05:16,591,40,https://www.theregister.com/2024/12/09/palantir_anduril_alliance/,,"{'textblob_score': 0.0, 'vader_score': 0.0, 'sentiment_category': 'Neutral'}",0.0,0.0,Neutral
1hakre2,"New KOSA, Same As Old KOSA, But Now With Elon’s Ignorant Endorsement",,2024-12-09 21:21:03,124,6,https://www.techdirt.com/2024/12/09/new-kosa-same-as-old-kosa-but-now-with-elons-ignorant-endorsement/#comment-4207737,,"{'textblob_score': 0.0, 'vader_score': 0.0, 'sentiment_category': 'Neutral'}",0.0,0.0,Neutral
1habocn,NATO plans to deploy sea drones to monitor and protect undersea cables — Admiral expects drone fleet patrols to begin from June 2025 ,,2024-12-09 15:03:00,384,27,https://www.tomshardware.com/networking/nato-plans-to-deploy-sea-drones-to-monitor-and-protect-undersea-cables-admiral-expects-drone-fleet-patrols-to-begin-from-june-2025,,"{'textblob_score': 0.0, 'vader_score': 0.0, 'sentiment_category': 'Neutral'}",0.0,0.0,Neutral
1haxwva,"China targets Nvidia with antitrust probe, escalates US chip tensions ",,2024-12-10 09:17:59,13,2,https://www.reuters.com/technology/china-investigates-nvidia-over-suspected-violation-antimonopoly-law-2024-12-09/,,"{'textblob_score': 0.0, 'vader_score': 0.0, 'sentiment_category': 'Neutral'}",0.0,0.0,Neutral
1hacw1f,TikTok asks court to pause law that could shut down app in U.S. next month,,2024-12-09 15:57:11,282,141,https://www.washingtonpost.com/technology/2024/12/09/tiktok-ban-court-injunction/,,"{'textblob_score': 0.0, 'vader_score': 0.0, 'sentiment_category': 'Neutral'}",0.0,0.0,Neutral
1hammha,"As TikTok files emergency motion to stop US ban, brands & creators are eyeing the door — Instagram Reels and YouTube Shorts poise to capitalise on migration",,2024-12-09 22:40:03,74,40,https://www.thedrum.com/news/2024/12/09/tiktok-files-emergency-motion-stop-us-ban-brands-creators-are-eyeing-the-door,,"{'textblob_score': 0.0, 'vader_score': 0.0, 'sentiment_category': 'Neutral'}",0.0,0.0,Neutral
1hb34n5,Google claims quantum computing milestone — but the tech can't solve real-world problems yet,,2024-12-10 14:36:06,5,12,https://www.cnbc.com/2024/12/10/google-claims-quantum-milestone-but-cant-solve-real-world-problems-.html,,"{'textblob_score': 0.0, 'vader_score': 0.0, 'sentiment_category': 'Neutral'}",0.0,0.0,Neutral
1h9zu21,Google CEO: AI development is finally slowing down—‘the low-hanging fruit is gone’,,2024-12-09 02:47:40,2910,571,https://www.cnbc.com/2024/12/08/google-ceo-sundar-pichai-ai-development-is-finally-slowing-down.html,,"{'textblob_score': 0.0, 'vader_score': 0.0, 'sentiment_category': 'Neutral'}",0.0,0.0,Neutral
1h9pqjd,Return-to-work mandates are an invisible pay cut,,2024-12-08 18:49:39,23631,1054,https://www.washingtonpost.com/opinions/2024/12/06/return-to-work-mandate-pay-cut/,,"{'textblob_score': 0.0, 'vader_score': 0.0, 'sentiment_category': 'Neutral'}",0.0,0.0,Neutral
1hasux3,"Israeli wave energy project draws interest from Qatar, Saudi Arabia and even Iran",,2024-12-10 03:46:48,27,1,https://www.timesofisrael.com/israeli-wave-energy-project-draws-interest-from-qatar-saudi-arabia-and-even-iran/,,"{'textblob_score': 0.0, 'vader_score': 0.0, 'sentiment_category': 'Neutral'}",0.0,0.0,Neutral
1hane2z,How Chinese insiders are stealing data scooped up by President Xi's national surveillance system,,2024-12-09 23:14:59,60,2,https://www.theregister.com/2024/12/08/chinese_insiders_stealing_data/?td=rt-3a,,"{'textblob_score': 0.0, 'vader_score': 0.0, 'sentiment_category': 'Neutral'}",0.0,0.0,Neutral
1ha92dt,Chinese Carmakers Are Taking Mexico by Storm While Eyeing U.S.,,2024-12-09 12:54:15,373,101,https://www.nytimes.com/2024/12/09/business/china-mexico-ev-electric-vehicles.html,,"{'textblob_score': 0.0, 'vader_score': 0.0, 'sentiment_category': 'Neutral'}",0.0,0.0,Neutral
1ha7qkh,US says Chinese hackers are still lurking in American phone networks,,2024-12-09 11:33:59,475,40,https://techcrunch.com/2024/12/04/fbi-recommends-encrypted-messaging-apps-combat-chinese-hackers/,,"{'textblob_score': 0.0, 'vader_score': 0.0, 'sentiment_category': 'Neutral'}",0.0,0.0,Neutral
1hauk55,The Age of Chiplets is Upon Us - EE Times,,2024-12-10 05:21:43,17,1,https://www.eetimes.com/the-age-of-chiplets-is-upon-us/,,"{'textblob_score': 0.0, 'vader_score': 0.0, 'sentiment_category': 'Neutral'}",0.0,0.0,Neutral
1hbtn2o,Popular Science declares Vision Pro to be gadget of the year,,2024-12-11 13:38:03,0,12,https://9to5mac.com/2024/12/10/popular-science-declares-vision-pro-to-be-gadget-of-the-year/,,"{'textblob_score': 0.0, 'vader_score': 0.0, 'sentiment_category': 'Neutral'}",0.0,0.0,Neutral
1hapms1,Quantum Computers Cross Critical Error Threshold | Quanta Magazine,,2024-12-10 01:00:26,31,5,https://www.quantamagazine.org/quantum-computers-cross-critical-error-threshold-20241209/,,"{'textblob_score': 0.0, 'vader_score': 0.0, 'sentiment_category': 'Neutral'}",0.0,0.0,Neutral
1hbpu52,"China’s ‘explosive’ ironmaking breakthrough achieves 3,600-fold productivity boost",,2024-12-11 09:33:02,0,5,https://www.scmp.com/news/china/science/article/3289441/chinas-explosive-ironmaking-breakthrough-achieves-3600-fold-productivity-boost,,"{'textblob_score': 0.0, 'vader_score': 0.0, 'sentiment_category': 'Neutral'}",0.0,0.0,Neutral
1haw829,AI robot companions for kids go dark as company shutters.,,2024-12-10 07:09:27,9,3,https://www.theverge.com/2024/12/9/24317477/ai-robot-companions-for-kids-go-dark-as-company-shutters,,"{'textblob_score': 0.0, 'vader_score': 0.0, 'sentiment_category': 'Neutral'}",0.0,0.0,Neutral
1hayyah,Nvidia shares slide after China launches probe of suspected anti-monopoly violations,,2024-12-10 10:37:13,2,1,https://nypost.com/2024/12/09/business/nvidia-shares-slide-after-china-launches-probe-of-suspected-anti-monopoly-violations/?utm_medium=social&utm_source=twitter&utm_campaign=nypost,,"{'textblob_score': 0.0, 'vader_score': 0.0, 'sentiment_category': 'Neutral'}",0.0,0.0,Neutral
1hbpczt,Google says its new quantum chip indicates that multiple universes exist,,2024-12-11 08:55:23,0,17,https://techcrunch.com/2024/12/10/google-says-its-new-quantum-chip-indicates-that-multiple-universes-exist/,,"{'textblob_score': 0.0, 'vader_score': 0.0, 'sentiment_category': 'Neutral'}",0.0,0.0,Neutral
1ha7wvx,Covert Facebook Network Found to Be Targeting Romanian Voters,,2024-12-09 11:45:30,234,3,https://www.bloomberg.com/news/articles/2024-12-09/covert-facebook-network-found-to-be-targeting-romanian-voters,,"{'textblob_score': 0.0, 'vader_score': 0.0, 'sentiment_category': 'Neutral'}",0.0,0.0,Neutral
1ha99tq,Covert Facebook Network Found to Be Targeting Romanian Voters,,2024-12-09 13:05:09,180,6,https://www.bnnbloomberg.ca/business/company-news/2024/12/09/covert-facebook-network-found-to-be-targeting-romanian-voters/,,"{'textblob_score': 0.0, 'vader_score': 0.0, 'sentiment_category': 'Neutral'}",0.0,0.0,Neutral
1haz20f,China’s chip making shows progress with new EUV patent despite US sanctions,,2024-12-10 10:44:35,1,2,https://www.scmp.com/tech/big-tech/article/3278235/chinese-chip-making-shows-progress-new-euv-patent-domestic-lithography-champion,,"{'textblob_score': 0.0, 'vader_score': 0.0, 'sentiment_category': 'Neutral'}",0.0,0.0,Neutral
1haiifw,Oceanographers record the largest predation event ever observed in the ocean,,2024-12-09 19:48:00,45,9,https://news.mit.edu/2024/oceanographers-record-largest-predation-event-ever-observed-1029,,"{'textblob_score': 0.0, 'vader_score': 0.0, 'sentiment_category': 'Neutral'}",0.0,0.0,Neutral
1har1nq,Spotify has disabled Car Thing streaming devices,,2024-12-10 02:11:36,15,11,https://techcrunch.com/2024/12/09/spotify-car-thing-units-are-officially-disabled/,,"{'textblob_score': 0.0, 'vader_score': 0.0, 'sentiment_category': 'Neutral'}",0.0,0.0,Neutral
1habvxy,Latest James Webb data hints at new physics in Universe’s expansion | These latest findings further support the Hubble Space Telescope's prior expansion rate measurements.,,2024-12-09 15:12:22,97,9,https://arstechnica.com/science/2024/12/latest-james-webb-data-hints-at-new-physics-in-universes-expansion/,,"{'textblob_score': 0.0, 'vader_score': 0.0, 'sentiment_category': 'Neutral'}",0.0,0.0,Neutral
1ha8487,China Targets Nvidia For Potential Breaches of Anti-Monopoly Law ,,2024-12-09 11:58:51,153,69,https://www.bloomberg.com/news/articles/2024-12-09/china-targets-nvidia-for-potential-breaches-of-anti-monopoly-law,,"{'textblob_score': 0.0, 'vader_score': 0.0, 'sentiment_category': 'Neutral'}",0.0,0.0,Neutral
1hadahu,Google says it has cracked a quantum computing challenge with new chip,,2024-12-09 16:14:00,69,16,https://www.yahoo.com/tech/google-says-cracked-quantum-computing-160249632.html,,"{'textblob_score': 0.0, 'vader_score': 0.0, 'sentiment_category': 'Neutral'}",0.0,0.0,Neutral
1h9wyml,"Badass Russian techie outsmarts FSB, flees Putinland all while being tracked with spyware",,2024-12-09 00:18:35,1281,40,https://www.theregister.com/2024/12/06/badass_russian_techie_outsmarts_fsb/?td=rt-3a,,"{'textblob_score': 0.0, 'vader_score': 0.0, 'sentiment_category': 'Neutral'}",0.0,0.0,Neutral
1hah0do,"Marco Grossi, the man behind the success of iLovePDF | The company that cuts, pastes, compresses and solves everything in the universe of this document format was the brainchild of a design student from Barcelona. Today it employs 43 people and its website is one of the 50 most visited in the world",,2024-12-09 18:46:13,41,7,https://english.elpais.com/technology/2024-12-08/marco-grossi-the-man-behind-the-success-of-ilovepdf.html,,"{'textblob_score': 0.0, 'vader_score': 0.0, 'sentiment_category': 'Neutral'}",0.0,0.0,Neutral
1hbgb5o,"‘My name is Taqqiq, I can read text’: Microsoft Translator adds Inuktitut text-to-speech",,2024-12-11 00:04:00,0,3,https://nunatsiaq.com/stories/article/my-name-is-taqqiq-i-can-read-text-microsoft-translator-adds-inuktitut-text-to-speech/,,"{'textblob_score': 0.0, 'vader_score': 0.0, 'sentiment_category': 'Neutral'}",0.0,0.0,Neutral
1hb2bob,"Rheinmetall, Auterion to Develop Standardized Software for Military Drones
",,2024-12-10 13:57:58,1,3,https://www.wsj.com/world/europe/rheinmetall-auterion-to-develop-standardized-software-for-military-drones-017e966d?mod=tech_lead_pos3,,"{'textblob_score': 0.0, 'vader_score': 0.0, 'sentiment_category': 'Neutral'}",0.0,0.0,Neutral
